driver_number,time_seconds,x,y,z,date
1,0.0,-7668,-6519,502,2023-05-27T15:10:04.114000+00:00
1,0.28,-7681,-6301,503,2023-05-27T15:10:04.394000+00:00
1,0.5,-7671,-6032,503,2023-05-27T15:10:04.614000+00:00
1,0.841,-7657,-5841,503,2023-05-27T15:10:04.955000+00:00
1,1.101,-7635,-5634,506,2023-05-27T15:10:05.215000+00:00
1,1.281,-7614,-5500,514,2023-05-27T15:10:05.395000+00:00
1,1.561,-7563,-5247,521,2023-05-27T15:10:05.675000+00:00
1,2.001,-7525,-5093,522,2023-05-27T15:10:06.115000+00:00
1,2.181,-7503,-5014,524,2023-05-27T15:10:06.295000+00:00
1,2.341,-7482,-4945,527,2023-05-27T15:10:06.455000+00:00
1,2.641,-7435,-4812,534,2023-05-27T15:10:06.755000+00:00
1,2.901,-7409,-4758,535,2023-05-27T15:10:07.015000+00:00
1,3.26,-7299,-4657,538,2023-05-27T15:10:07.374000+00:00
1,3.66,-7217,-4628,541,2023-05-27T15:10:07.774000+00:00
1,3.84,-7157,-4615,543,2023-05-27T15:10:07.954000+00:00
1,4.08,-7061,-4601,548,2023-05-27T15:10:08.194000+00:00
1,4.3,-6995,-4594,552,2023-05-27T15:10:08.414000+00:00
1,4.64,-6857,-4583,563,2023-05-27T15:10:08.754000+00:00
1,4.84,-6723,-4571,574,2023-05-27T15:10:08.954000+00:00
1,5.24,-6579,-4554,586,2023-05-27T15:10:09.354000+00:00
1,5.32,-6539,-4549,589,2023-05-27T15:10:09.434000+00:00
1,5.62,-6384,-4521,601,2023-05-27T15:10:09.734000+00:00
1,5.86,-6190,-4478,619,2023-05-27T15:10:09.974000+00:00
1,6.34,-5985,-4427,637,2023-05-27T15:10:10.454000+00:00
1,6.48,-5842,-4392,651,2023-05-27T15:10:10.594000+00:00
1,6.82,-5698,-4356,663,2023-05-27T15:10:10.934000+00:00
1,7.04,-5562,-4321,677,2023-05-27T15:10:11.154000+00:00
1,7.301,-5388,-4276,691,2023-05-27T15:10:11.415000+00:00
1,7.401,-5342,-4265,698,2023-05-27T15:10:11.515000+00:00
1,7.741,-5078,-4217,721,2023-05-27T15:10:11.855000+00:00
1,8.021,-4941,-4203,734,2023-05-27T15:10:12.135000+00:00
1,8.281,-4760,-4186,751,2023-05-27T15:10:12.395000+00:00
1,8.501,-4612,-4158,766,2023-05-27T15:10:12.615000+00:00
1,8.761,-4439,-4095,781,2023-05-27T15:10:12.875000+00:00
1,8.941,-4253,-4002,798,2023-05-27T15:10:13.055000+00:00
1,9.261,-4108,-3930,810,2023-05-27T15:10:13.375000+00:00
1,9.521,-3933,-3855,825,2023-05-27T15:10:13.635000+00:00
1,9.82,-3680,-3777,843,2023-05-27T15:10:13.934000+00:00
1,10.1,-3518,-3745,852,2023-05-27T15:10:14.214000+00:00
1,10.34,-3301,-3716,860,2023-05-27T15:10:14.454000+00:00
1,10.66,-3062,-3686,862,2023-05-27T15:10:14.774000+00:00
1,10.82,-2893,-3654,861,2023-05-27T15:10:14.934000+00:00
1,11.3,-2585,-3523,864,2023-05-27T15:10:15.414000+00:00
1,11.72,-2428,-3392,865,2023-05-27T15:10:15.834000+00:00
1,12.04,-2346,-3282,867,2023-05-27T15:10:16.154000+00:00
1,12.2,-2310,-3210,868,2023-05-27T15:10:16.314000+00:00
1,12.5,-2270,-3064,870,2023-05-27T15:10:16.614000+00:00
1,12.7,-2262,-2939,872,2023-05-27T15:10:16.814000+00:00
1,13.16,-2281,-2775,874,2023-05-27T15:10:17.274000+00:00
1,13.36,-2324,-2642,884,2023-05-27T15:10:17.474000+00:00
1,13.58,-2347,-2591,884,2023-05-27T15:10:17.694000+00:00
1,13.901,-2428,-2451,885,2023-05-27T15:10:18.015000+00:00
1,14.161,-2502,-2350,885,2023-05-27T15:10:18.275000+00:00
1,14.321,-2590,-2245,885,2023-05-27T15:10:18.435000+00:00
1,14.621,-2637,-2186,886,2023-05-27T15:10:18.735000+00:00
1,14.861,-2694,-2103,887,2023-05-27T15:10:18.975000+00:00
1,15.161,-2740,-1994,892,2023-05-27T15:10:19.275000+00:00
1,15.401,-2743,-1855,894,2023-05-27T15:10:19.515000+00:00
1,15.701,-2726,-1785,895,2023-05-27T15:10:19.815000+00:00
1,16.021,-2634,-1589,886,2023-05-27T15:10:20.135000+00:00
1,16.32,-2590,-1523,880,2023-05-27T15:10:20.434000+00:00
1,16.48,-2546,-1463,873,2023-05-27T15:10:20.594000+00:00
1,16.8,-2444,-1343,862,2023-05-27T15:10:20.914000+00:00
1,17.04,-2322,-1210,850,2023-05-27T15:10:21.154000+00:00
1,17.38,-2194,-1055,835,2023-05-27T15:10:21.494000+00:00
1,17.72,-2119,-949,825,2023-05-27T15:10:21.834000+00:00
1,18.0,-2043,-836,813,2023-05-27T15:10:22.114000+00:00
1,18.18,-1980,-744,805,2023-05-27T15:10:22.294000+00:00
1,18.46,-1873,-599,791,2023-05-27T15:10:22.574000+00:00
1,18.7,-1781,-484,781,2023-05-27T15:10:22.814000+00:00
1,19.0,-1713,-403,774,2023-05-27T15:10:23.114000+00:00
1,19.26,-1627,-307,766,2023-05-27T15:10:23.374000+00:00
1,19.74,-1533,-224,755,2023-05-27T15:10:23.854000+00:00
1,19.98,-1489,-203,751,2023-05-27T15:10:24.094000+00:00
1,20.28,-1388,-207,742,2023-05-27T15:10:24.394000+00:00
1,20.781,-1310,-252,734,2023-05-27T15:10:24.895000+00:00
1,21.021,-1278,-286,729,2023-05-27T15:10:25.135000+00:00
1,21.381,-1235,-370,724,2023-05-27T15:10:25.495000+00:00
1,21.721,-1219,-427,720,2023-05-27T15:10:25.835000+00:00
1,21.981,-1193,-528,711,2023-05-27T15:10:26.095000+00:00
1,22.321,-1174,-594,706,2023-05-27T15:10:26.435000+00:00
1,22.601,-1144,-687,699,2023-05-27T15:10:26.715000+00:00
1,22.701,-1131,-721,695,2023-05-27T15:10:26.815000+00:00
1,22.96,-1092,-816,689,2023-05-27T15:10:27.074000+00:00
1,23.16,-1056,-890,682,2023-05-27T15:10:27.274000+00:00
1,23.44,-1003,-981,675,2023-05-27T15:10:27.554000+00:00
1,23.66,-962,-1036,670,2023-05-27T15:10:27.774000+00:00
1,23.86,-925,-1075,666,2023-05-27T15:10:27.974000+00:00
1,24.1,-879,-1110,662,2023-05-27T15:10:28.214000+00:00
1,24.32,-838,-1128,660,2023-05-27T15:10:28.434000+00:00
1,24.52,-780,-1130,658,2023-05-27T15:10:28.634000+00:00
1,24.86,-751,-1113,656,2023-05-27T15:10:28.974000+00:00
1,25.1,-733,-1081,656,2023-05-27T15:10:29.214000+00:00
1,25.36,-730,-1041,652,2023-05-27T15:10:29.474000+00:00
1,25.58,-737,-998,645,2023-05-27T15:10:29.694000+00:00
1,25.88,-747,-970,644,2023-05-27T15:10:29.994000+00:00
1,26.12,-759,-941,642,2023-05-27T15:10:30.234000+00:00
1,26.28,-769,-923,641,2023-05-27T15:10:30.394000+00:00
1,26.62,-795,-882,637,2023-05-27T15:10:30.734000+00:00
1,26.74,-807,-868,635,2023-05-27T15:10:30.854000+00:00
1,27.021,-853,-816,627,2023-05-27T15:10:31.135000+00:00
1,27.461,-901,-767,621,2023-05-27T15:10:31.575000+00:00
1,27.861,-947,-718,617,2023-05-27T15:10:31.975000+00:00
1,28.101,-1005,-637,609,2023-05-27T15:10:32.215000+00:00
1,28.461,-1029,-559,606,2023-05-27T15:10:32.575000+00:00
1,28.821,-1023,-490,601,2023-05-27T15:10:32.935000+00:00
1,29.121,-992,-426,593,2023-05-27T15:10:33.235000+00:00
1,29.301,-964,-394,591,2023-05-27T15:10:33.415000+00:00
1,29.48,-916,-354,586,2023-05-27T15:10:33.594000+00:00
1,29.9,-817,-296,575,2023-05-27T15:10:34.014000+00:00
1,30.34,-715,-250,566,2023-05-27T15:10:34.454000+00:00
1,30.74,-617,-213,560,2023-05-27T15:10:34.854000+00:00
1,30.92,-557,-193,557,2023-05-27T15:10:35.034000+00:00
1,31.16,-478,-175,554,2023-05-27T15:10:35.274000+00:00
1,31.34,-395,-168,551,2023-05-27T15:10:35.454000+00:00
1,31.76,-314,-187,547,2023-05-27T15:10:35.874000+00:00
1,31.92,-282,-210,546,2023-05-27T15:10:36.034000+00:00
1,32.2,-242,-267,545,2023-05-27T15:10:36.314000+00:00
1,32.36,-226,-303,545,2023-05-27T15:10:36.474000+00:00
1,32.64,-206,-366,545,2023-05-27T15:10:36.754000+00:00
1,32.74,-201,-389,545,2023-05-27T15:10:36.854000+00:00
1,32.92,-194,-433,545,2023-05-27T15:10:37.034000+00:00
1,33.18,-187,-501,545,2023-05-27T15:10:37.294000+00:00
1,33.4,-185,-565,545,2023-05-27T15:10:37.514000+00:00
1,33.781,-186,-654,545,2023-05-27T15:10:37.895000+00:00
1,34.081,-195,-769,545,2023-05-27T15:10:38.195000+00:00
1,34.261,-202,-836,545,2023-05-27T15:10:38.375000+00:00
1,34.421,-217,-970,543,2023-05-27T15:10:38.535000+00:00
1,34.741,-226,-1054,543,2023-05-27T15:10:38.855000+00:00
1,35.081,-245,-1226,543,2023-05-27T15:10:39.195000+00:00
1,35.281,-257,-1334,543,2023-05-27T15:10:39.395000+00:00
1,35.521,-278,-1524,542,2023-05-27T15:10:39.635000+00:00
1,35.921,-302,-1699,542,2023-05-27T15:10:40.035000+00:00
1,36.08,-344,-1879,542,2023-05-27T15:10:40.194000+00:00
1,36.5,-397,-2050,542,2023-05-27T15:10:40.614000+00:00
1,36.66,-463,-2236,541,2023-05-27T15:10:40.774000+00:00
1,37.1,-536,-2425,541,2023-05-27T15:10:41.214000+00:00
1,37.26,-578,-2527,541,2023-05-27T15:10:41.374000+00:00
1,37.58,-688,-2769,541,2023-05-27T15:10:41.694000+00:00
1,37.98,-865,-3060,542,2023-05-27T15:10:42.094000+00:00
1,38.38,-1063,-3271,542,2023-05-27T15:10:42.494000+00:00
1,38.66,-1144,-3336,542,2023-05-27T15:10:42.774000+00:00
1,39.06,-1401,-3488,541,2023-05-27T15:10:43.174000+00:00
1,39.26,-1538,-3554,541,2023-05-27T15:10:43.374000+00:00
1,39.48,-1717,-3638,540,2023-05-27T15:10:43.594000+00:00
1,39.88,-1964,-3762,541,2023-05-27T15:10:43.994000+00:00
1,40.04,-2173,-3868,541,2023-05-27T15:10:44.154000+00:00
1,40.321,-2312,-3937,541,2023-05-27T15:10:44.435000+00:00
1,40.601,-2390,-3973,541,2023-05-27T15:10:44.715000+00:00
1,40.841,-2549,-4044,542,2023-05-27T15:10:44.955000+00:00
1,40.941,-2622,-4075,543,2023-05-27T15:10:45.055000+00:00
1,41.281,-2875,-4169,542,2023-05-27T15:10:45.395000+00:00
1,41.541,-3071,-4229,540,2023-05-27T15:10:45.655000+00:00
1,42.081,-3503,-4315,524,2023-05-27T15:10:46.195000+00:00
1,42.561,-3670,-4334,515,2023-05-27T15:10:46.675000+00:00
1,42.82,-3778,-4345,510,2023-05-27T15:10:46.934000+00:00
1,42.96,-3878,-4356,505,2023-05-27T15:10:47.074000+00:00
1,43.36,-4017,-4373,497,2023-05-27T15:10:47.474000+00:00
1,43.54,-4114,-4401,496,2023-05-27T15:10:47.654000+00:00
1,43.8,-4163,-4445,492,2023-05-27T15:10:47.914000+00:00
1,44.02,-4194,-4495,492,2023-05-27T15:10:48.134000+00:00
1,44.2,-4216,-4537,491,2023-05-27T15:10:48.314000+00:00
1,44.36,-4236,-4570,490,2023-05-27T15:10:48.474000+00:00
1,44.64,-4277,-4613,490,2023-05-27T15:10:48.754000+00:00
1,44.88,-4318,-4635,490,2023-05-27T15:10:48.994000+00:00
1,45.08,-4380,-4649,490,2023-05-27T15:10:49.194000+00:00
1,45.42,-4419,-4651,490,2023-05-27T15:10:49.534000+00:00
1,45.7,-4504,-4641,490,2023-05-27T15:10:49.814000+00:00
1,46.18,-4605,-4615,489,2023-05-27T15:10:50.294000+00:00
1,46.58,-4732,-4599,490,2023-05-27T15:10:50.694000+00:00
1,46.861,-4866,-4610,489,2023-05-27T15:10:50.975000+00:00
1,47.181,-5001,-4631,489,2023-05-27T15:10:51.295000+00:00
1,47.361,-5137,-4652,489,2023-05-27T15:10:51.475000+00:00
1,47.741,-5316,-4677,489,2023-05-27T15:10:51.855000+00:00
1,48.181,-5487,-4699,489,2023-05-27T15:10:52.295000+00:00
1,48.361,-5588,-4711,490,2023-05-27T15:10:52.475000+00:00
1,48.541,-5691,-4723,490,2023-05-27T15:10:52.655000+00:00
1,48.841,-5870,-4743,490,2023-05-27T15:10:52.955000+00:00
1,49.061,-6005,-4757,489,2023-05-27T15:10:53.175000+00:00
1,49.16,-6235,-4777,490,2023-05-27T15:10:53.274000+00:00
1,49.64,-6525,-4796,490,2023-05-27T15:10:53.754000+00:00
1,50.04,-6672,-4823,490,2023-05-27T15:10:54.154000+00:00
1,50.22,-6750,-4859,491,2023-05-27T15:10:54.334000+00:00
1,50.5,-6859,-4947,488,2023-05-27T15:10:54.614000+00:00
1,50.66,-6937,-5038,487,2023-05-27T15:10:54.774000+00:00
1,51.06,-7022,-5167,484,2023-05-27T15:10:55.174000+00:00
1,51.3,-7088,-5298,483,2023-05-27T15:10:55.414000+00:00
1,51.62,-7124,-5388,483,2023-05-27T15:10:55.734000+00:00
1,51.86,-7149,-5478,483,2023-05-27T15:10:55.974000+00:00
1,52.02,-7170,-5565,483,2023-05-27T15:10:56.134000+00:00
1,52.22,-7191,-5673,482,2023-05-27T15:10:56.334000+00:00
1,52.5,-7214,-5875,482,2023-05-27T15:10:56.614000+00:00
1,52.86,-7220,-6060,482,2023-05-27T15:10:56.974000+00:00
1,53.14,-7204,-6232,482,2023-05-27T15:10:57.254000+00:00
1,53.3,-7142,-6380,481,2023-05-27T15:10:57.414000+00:00
1,54.141,-6905,-6808,480,2023-05-27T15:10:58.255000+00:00
1,54.381,-6846,-7021,479,2023-05-27T15:10:58.495000+00:00
1,54.761,-6801,-7231,479,2023-05-27T15:10:58.875000+00:00
1,55.001,-6778,-7378,479,2023-05-27T15:10:59.115000+00:00
1,55.201,-6764,-7488,479,2023-05-27T15:10:59.315000+00:00
1,55.381,-6755,-7580,480,2023-05-27T15:10:59.495000+00:00
1,55.581,-6746,-7735,479,2023-05-27T15:10:59.695000+00:00
1,56.02,-6759,-7903,479,2023-05-27T15:11:00.134000+00:00
1,56.38,-6800,-7973,479,2023-05-27T15:11:00.494000+00:00
1,56.6,-6870,-8039,479,2023-05-27T15:11:00.714000+00:00
1,56.8,-6896,-8107,479,2023-05-27T15:11:00.914000+00:00
1,56.96,-6900,-8166,479,2023-05-27T15:11:01.074000+00:00
1,57.26,-6885,-8300,478,2023-05-27T15:11:01.374000+00:00
1,57.66,-6846,-8459,476,2023-05-27T15:11:01.774000+00:00
1,58.04,-6803,-8580,476,2023-05-27T15:11:02.154000+00:00
1,58.28,-6750,-8698,478,2023-05-27T15:11:02.394000+00:00
1,58.72,-6619,-8914,478,2023-05-27T15:11:02.834000+00:00
1,59.0,-6559,-8991,477,2023-05-27T15:11:03.114000+00:00
1,59.14,-6507,-9049,477,2023-05-27T15:11:03.254000+00:00
1,59.42,-6392,-9151,478,2023-05-27T15:11:03.534000+00:00
1,59.72,-6254,-9233,476,2023-05-27T15:11:03.834000+00:00
1,59.88,-6130,-9299,480,2023-05-27T15:11:03.994000+00:00
1,60.341,-6003,-9381,482,2023-05-27T15:11:04.455000+00:00
1,60.601,-5983,-9400,482,2023-05-27T15:11:04.715000+00:00
1,60.941,-5932,-9493,484,2023-05-27T15:11:05.055000+00:00
1,61.361,-5931,-9558,486,2023-05-27T15:11:05.475000+00:00
1,61.521,-5937,-9590,486,2023-05-27T15:11:05.635000+00:00
1,61.741,-5951,-9631,487,2023-05-27T15:11:05.855000+00:00
1,61.961,-5971,-9664,488,2023-05-27T15:11:06.075000+00:00
1,62.121,-5988,-9685,489,2023-05-27T15:11:06.235000+00:00
1,62.38,-6023,-9713,491,2023-05-27T15:11:06.494000+00:00
1,62.54,-6075,-9735,494,2023-05-27T15:11:06.654000+00:00
1,62.96,-6154,-9754,498,2023-05-27T15:11:07.074000+00:00
1,63.34,-6221,-9763,502,2023-05-27T15:11:07.454000+00:00
1,63.54,-6262,-9766,504,2023-05-27T15:11:07.654000+00:00
1,63.72,-6315,-9770,506,2023-05-27T15:11:07.834000+00:00
1,63.94,-6425,-9773,511,2023-05-27T15:11:08.054000+00:00
1,64.28,-6492,-9771,514,2023-05-27T15:11:08.394000+00:00
1,64.46,-6542,-9766,517,2023-05-27T15:11:08.574000+00:00
1,64.78,-6625,-9752,520,2023-05-27T15:11:08.894000+00:00
1,65.0,-6697,-9723,520,2023-05-27T15:11:09.114000+00:00
1,65.36,-6737,-9688,519,2023-05-27T15:11:09.474000+00:00
1,65.58,-6764,-9646,516,2023-05-27T15:11:09.694000+00:00
1,65.9,-6792,-9571,512,2023-05-27T15:11:10.014000+00:00
1,66.08,-6809,-9495,510,2023-05-27T15:11:10.194000+00:00
1,66.501,-6833,-9385,507,2023-05-27T15:11:10.615000+00:00
1,66.661,-6850,-9328,507,2023-05-27T15:11:10.775000+00:00
1,66.841,-6877,-9264,506,2023-05-27T15:11:10.955000+00:00
1,67.001,-6908,-9207,506,2023-05-27T15:11:11.115000+00:00
1,67.261,-6967,-9114,503,2023-05-27T15:11:11.375000+00:00
1,67.481,-7078,-8954,504,2023-05-27T15:11:11.595000+00:00
1,67.841,-7144,-8846,504,2023-05-27T15:11:11.955000+00:00
1,68.101,-7206,-8718,504,2023-05-27T15:11:12.215000+00:00
1,68.261,-7241,-8633,503,2023-05-27T15:11:12.375000+00:00
1,68.541,-7297,-8476,503,2023-05-27T15:11:12.655000+00:00
1,68.741,-7335,-8359,503,2023-05-27T15:11:12.855000+00:00
1,68.94,-7382,-8202,503,2023-05-27T15:11:13.054000+00:00
1,69.34,-7442,-7988,502,2023-05-27T15:11:13.454000+00:00
1,69.52,-7499,-7779,502,2023-05-27T15:11:13.634000+00:00
1,69.94,-7547,-7589,502,2023-05-27T15:11:14.054000+00:00
1,70.2,-7587,-7394,502,2023-05-27T15:11:14.314000+00:00
1,70.48,-7615,-7207,503,2023-05-27T15:11:14.594000+00:00
1,70.72,-7636,-7001,502,2023-05-27T15:11:14.834000+00:00
1,70.96,-7653,-6763,502,2023-05-27T15:11:15.074000+00:00
