lap_number,lap_duration,duration_sector_1,duration_sector_2,duration_sector_3,st_speed,date_start,is_pit_out_lap
2,73.784,19.334,34.92,19.53,281.0,2023-05-27T14:03:00.949000+00:00,False
6,73.038,19.024,34.732,19.282,283.0,2023-05-27T14:19:01.282000+00:00,False
8,72.644,19.006,34.44,19.198,282.0,2023-05-27T14:22:08.780000+00:00,False
11,72.386,18.887,34.374,19.125,281.0,2023-05-27T14:27:03.776000+00:00,False
14,72.038,18.804,34.148,19.086,282.0,2023-05-27T14:37:28.972000+00:00,False
17,71.908,18.84,34.111,18.957,280.0,2023-05-27T14:42:24.797000+00:00,False
20,72.031,18.838,34.023,19.17,282.0,2023-05-27T14:50:27.182000+00:00,False
23,72.102,18.886,34.236,18.98,280.0,2023-05-27T15:00:27.879000+00:00,False
26,71.654,18.759,33.937,18.958,279.0,2023-05-27T15:05:15.625000+00:00,False
29,71.365,18.642,33.902,18.821,281.0,2023-05-27T15:10:04.060000+00:00,False
